,Age,Income,Gender_Code,Education_Code,Occupation_Code
Age,1.0,0.18904761739047282,0.0006816106068242835,-0.0005557074198821874,0.007820376065125659
Income,0.18904761739047282,1.0,0.008344615032701968,-0.09540843110636467,0.07503587692504363
Gender_Code,0.0006816106068242835,0.008344615032701968,1.0,0.015558672211631885,0.0027667011658826343
Education_Code,-0.0005557074198821874,-0.09540843110636467,0.015558672211631885,1.0,0.013944808812545737
Occupation_Code,0.007820376065125659,0.07503587692504363,0.0027667011658826343,0.013944808812545737,1.0
