,Age,Income,Gender_Code,Education_Code,Occupation_Code
Age,200.03559111822386,1.2461340268053611,0.00723184636927431,-0.012858571714342841,0.21386837367473538
Income,1.2461340268053611,0.21721000200040047,0.002917463492698533,-0.07274774954990995,0.06761984396879372
Gender_Code,0.00723184636927431,0.002917463492698533,0.562753790758151,0.019095219043808773,0.004013162632526502
Education_Code,-0.012858571714342841,-0.07274774954990995,0.019095219043808773,2.6766143228645722,0.04411342268453701
Occupation_Code,0.21386837367473538,0.06761984396879372,0.004013162632526502,0.04411342268453701,3.7387857971594323
