,Age,Income,Gender_Code,Education_Code,Occupation_Code
Age,1.0,0.2037222327192334,0.012599815568291803,0.0026085800383738996,0.0040251438352023015
Income,0.2037222327192334,1.0,0.020639067291961168,-0.09540843110636467,0.07503587692504363
Gender_Code,0.012599815568291803,0.020639067291961168,1.0,0.009051039657367112,-0.019082841445968255
Education_Code,0.0026085800383738996,-0.09540843110636467,0.009051039657367112,1.0,0.013944808812545737
Occupation_Code,0.0040251438352023015,0.07503587692504363,-0.019082841445968255,0.013944808812545737,1.0
