,Age,Income,Gender_Code,Education_Code,Occupation_Code
Age,152.1560596519304,1.1711781556311263,0.07763440688137639,0.0526431286257254,0.09600444088817758
Income,1.1711781556311263,0.21721000200040047,0.004804800960192063,-0.07274774954990995,0.06761984396879372
Gender_Code,0.07763440688137639,0.004804800960192063,0.249511662332467,0.007396679335867153,-0.018431206241248256
Education_Code,0.0526431286257254,-0.07274774954990995,0.007396679335867153,2.6766143228645722,0.04411342268453701
Occupation_Code,0.09600444088817758,0.06761984396879372,-0.018431206241248256,0.04411342268453701,3.7387857971594323
