feature,t_statistic,approximate_p_value,ks_statistic,kl_divergence,wasserstein_distance,original_variance,masked_variance,variance_preservation,mean_shift
Age,0.9140843440093304,0.36067252836651026,0.28400000000000003,13.902655697089902,5.2358,152.15605965193038,200.03559111822364,0.6853261606812002,-0.24259999999999593
Education_Code,0.0,1.0,0.0,0.0,0.0,2.6766143228645727,2.6766143228645727,1.0,0.0
Gender_Code,-56.034545903621286,0.0,0.4282,0.6026278865737632,0.7142000000000001,0.24951166233246655,0.5627537907581517,0.0,0.7142000000000001
Income,0.0,1.0,0.0,0.0,0.0,0.2172100020004001,0.2172100020004001,1.0,0.0
Occupation_Code,0.0,1.0,0.0,0.0,0.0,3.7387857971594323,3.7387857971594323,1.0,0.0
